<?xml version="1.0" encoding="UTF-8"?>
<!DOCTYPE suite SYSTEM "https://testng.org/testng-1.0.dtd">
<suite thread-count="3" parallel="classes" name="Suite">
<parameter name="browser" value="chrome"></parameter>
  <test thread-count="3" parallel="classes" name="Test">
    <classes>
      <class name="testNg.AddToCartTest"/>
    </classes>
  </test> <!-- Test -->
  <parameter name="browser" value="edge"></parameter>
  <test thread-count="3" parallel="classes" name="Test1">
    <classes>
      <class name="stepdefinitions.Hooks"/>
      <class name="testNg.AddToCartTest"/>
    </classes>
  </test> <!-- Test -->
</suite> <!-- Suite -->
