<?xml version="1.0" encoding="UTF-8"?>
<!DOCTYPE suite SYSTEM "https://testng.org/testng-1.0.dtd">
<suite parallel="methods" name="Suite">
  <test thread-count="5" parallel="methods" name="Test1">
  <parameter name="browser" value="edge"></parameter>
    <classes>
      <class name="base.Report"/>
      <class name="testngTest.TestDemoBlaze"/>
      <class name="step_definitions.Hooks"/>
    </classes>
  </test> <!-- Test -->
  <test thread-count="5" parallel="methods" name="Test2">
  <parameter name="browser" value="chrome"></parameter>

    <classes>
      <class name="base.Report"/>
      <class name="testngTest.TestDemoBlaze"/>
      <class name="step_definitions.Hooks"/>
    </classes>
  </test> <!-- Test -->
</suite> <!-- Suite -->
